Crew,Position,Fault_ID,Town,Zone,Fault_Type,Priority,Travel_hrs,Repair_hrs,Job_occupancy_hrs,Response_hrs
1,1,F3,Golokwati,Far,Transformer maintenance,High,0.5,0.75,1.75,0.5
1,2,F1,Afadzo South,Far,Pole replacement,High,1.017,1.0,3.034,2.767
1,3,F9,Santrokofi,Near,Network line extension,Normal,0.333,2.0,2.666,5.117
2,1,F6,Afadzo South,Far,Cable joining and termination,High,1.017,0.33,2.364,1.017
2,2,F11,Ve-Dator,Near,Transformer maintenance,Normal,0.6,0.75,1.95,2.964
2,3,F4,Agome yo,Near,Network line extension,Normal,0.517,2.0,3.034,4.831
3,1,F7,Akpafu,Near,Cable joining and termination,Normal,0.417,0.33,1.164,0.417
3,2,F2,Liati,Near,Transformer maintenance,Normal,0.55,0.75,1.85,1.714
3,3,F10,Wli,Far,Transformer installation,High,0.483,4.0,4.966,3.497
4,1,F13,Ve- Kobenu,Near,Cable joining and termination,Normal,0.583,0.33,1.496,0.583
4,2,F14,Agome yo,Near,Transformer maintenance,Normal,0.517,0.75,1.784,2.013
4,3,F5,Logba,Far,Network line extension,Normal,1.0,2.0,4.0,4.28
5,1,F15,Gbi - Kledzo,Near,Transformer maintenance,Normal,0.267,0.75,1.284,0.267
5,2,F8,Agome yo,Near,Cable joining and termination,High,0.517,0.33,1.364,1.801
5,3,F12,Ve -Gbodome,Far,Transformer installation,Normal,0.667,4.0,5.334,3.315
